{
  "Total" : {
    "transaction" : "Total",
    "sampleCount" : 10,
    "errorCount" : 0,
    "errorPct" : 0.0,
    "meanResTime" : 349.09999999999997,
    "medianResTime" : 129.5,
    "minResTime" : 112.0,
    "maxResTime" : 1239.0,
    "pct1ResTime" : 1205.2,
    "pct2ResTime" : 1239.0,
    "pct3ResTime" : 1239.0,
    "throughput" : 2.2451728783116303,
    "receivedKBytesPerSec" : 519.2067523574316,
    "sentKBytesPerSec" : 0.27406895487202515
  },
  "HTTP Request" : {
    "transaction" : "HTTP Request",
    "sampleCount" : 10,
    "errorCount" : 0,
    "errorPct" : 0.0,
    "meanResTime" : 349.09999999999997,
    "medianResTime" : 129.5,
    "minResTime" : 112.0,
    "maxResTime" : 1239.0,
    "pct1ResTime" : 1205.2,
    "pct2ResTime" : 1239.0,
    "pct3ResTime" : 1239.0,
    "throughput" : 2.2451728783116303,
    "receivedKBytesPerSec" : 519.2067523574316,
    "sentKBytesPerSec" : 0.27406895487202515
  }
}